first_name,last_name,email,username,password
Hermann,MacCafferky,hmaccafferky0@arizona.edu,hmaccafferky0,QMtyQGOyweHg
Theodoric,Sebright,tsebright1@time.com,tsebright1,RmfCCY
Shoshanna,Eady,seady2@google.com.br,seady2,ZFDHtSaXxdY2
Derward,Gawith,dgawith3@purevolume.com,dgawith3,2EIl9cIg7fF
Breanne,Dominelli,bdominelli4@cmu.edu,bdominelli4,wFQOVkA8NwWN
Maddy,Battershall,mbattershall5@free.fr,mbattershall5,MbGj691QkmFH
Jeddy,Baggiani,jbaggiani6@bloglines.com,jbaggiani6,ApdJE3
Beck,Skocroft,bskocroft7@economist.com,bskocroft7,Jpq32W
Cooper,Handrok,chandrok8@aboutads.info,chandrok8,HQGF42WkPrK
Thorstein,Burdus,tburdus9@intel.com,tburdus9,ED6FW6Sc0KVQ
